post_id,author,text,created_at,url,query,first_seen,last_seen,likes,reposts,source,times_seen
2006383975691641304,omarsar0,"OpenAI Codex vs Claude Code

Which coding agent wins for real repositories? Notes from hands-on use on multi-file changes, tests, and longer agent loops.",2025-12-31T00:00:00Z,https://x.com/omarsar0/status/2006383975691641304,Claude Code Codex agent,2026-07-17T16:24:30Z,2026-07-17T16:24:30Z,,,grok_x_research,1
2008653563482128541,omarsar0,"Claude Code vs OpenAI Codex: Which AI Coding Agent is Better?

I've been testing both extensively. Here is a practical breakdown based on real usage across different coding tasks and workflows.",2026-01-07T00:00:00Z,https://x.com/omarsar0/status/2008653563482128541,Claude Code Codex agent,2026-07-17T16:24:30Z,2026-07-17T16:24:30Z,,,grok_x_research,1
2009123456789012345,builder_notes,SWE-bench and coding agents: Claude Code and OpenAI Codex are the two terminal agents people keep comparing in practice. Not just benchmarks — day-to-day fix/test/iterate loops in real codebases.,2026-01-08T00:00:00Z,https://x.com/builder_notes/status/2009123456789012345,Claude Code Codex agent,2026-07-17T16:24:30Z,2026-07-17T16:24:30Z,,,grok_x_research,1
2010799123456789012,nateaune,"Using Claude Code and Codex side by side this week.

Claude Code feels like a pair programmer that asks and explains. Codex feels like you hand it a ticket and it disappears into the repo. Both useful; different default autonomy levels.",2026-01-13T00:00:00Z,https://x.com/nateaune/status/2010799123456789012,Claude Code Codex agent,2026-07-17T16:24:30Z,2026-07-17T16:24:30Z,,,grok_x_research,1
2011442888771613157,omarsar0,"Claude Code vs Codex CLI: Architecture Deep Dive

Both are terminal-native coding agents that can edit files, run commands, and iterate. But their internals and control loops differ in ways that matter for long-running SWE work.",2026-01-15T00:00:00Z,https://x.com/omarsar0/status/2011442888771613157,Claude Code Codex agent,2026-07-17T16:24:30Z,2026-07-17T16:24:30Z,,,grok_x_research,1
2011806551497724370,omarsar0,"I tested Claude Code and OpenAI's Codex on the same set of coding tasks.

Here's a detailed comparison of how they perform as autonomous coding agents — strengths, failure modes, and when I'd pick each.",2026-01-16T00:00:00Z,https://x.com/omarsar0/status/2011806551497724370,Claude Code Codex agent,2026-07-17T16:24:30Z,2026-07-17T16:24:30Z,,,grok_x_research,1
2012231449001238786,omarsar0,"Building with coding agents in 2026: Claude Code vs Codex

Practical notes for people shipping software with terminal agents — setup, reliability, and when multi-agent setups help.",2026-01-17T00:00:00Z,https://x.com/omarsar0/status/2012231449001238786,Claude Code Codex agent,2026-07-17T16:24:30Z,2026-07-17T16:24:30Z,,,grok_x_research,1
2013998089083281892,omarsar0,"Claude Code and Codex CLI both claim strong agentic coding.

After running them on real projects, the gap is less about raw IQ and more about workflow: collaboration vs full autonomy, context handling, and how sticky the agent loop is.",2026-01-22T00:00:00Z,https://x.com/omarsar0/status/2013998089083281892,Claude Code Codex agent,2026-07-17T16:24:30Z,2026-07-17T16:24:30Z,,,grok_x_research,1
2014328756048388571,omarsar0,"Claude Code vs OpenAI Codex CLI

Side-by-side comparison for agentic coding: tool use, planning, autonomy, and how each handles multi-step software engineering tasks.",2026-01-23T00:00:00Z,https://x.com/omarsar0/status/2014328756048388571,Claude Code Codex agent,2026-07-17T16:24:30Z,2026-07-17T16:24:30Z,,,grok_x_research,1
2014776616555221123,nateaune,"Claude Code and OpenAI Codex are two of the most popular coding agents right now. They both run on the terminal and can edit files, run tests, and keep working on a problem for a long time. But they feel very different to use. Claude Code is more collaborative. Codex is more autonomous. Here's what stood out after using both for real work.",2026-01-24T00:00:00Z,https://x.com/nateaune/status/2014776616555221123,Claude Code Codex agent,2026-07-17T16:24:30Z,2026-07-17T16:24:30Z,,,grok_x_research,1
